{
  "n_params": 52801,
  "best_val_loss": 0.0008693271834348228,
  "test_mse": 0.0022624613519074024,
  "test_mae": 0.020787296816706657,
  "test_rmse": 0.047565337270498276,
  "test_mape": 989.3124389648438,
  "test_smape": 61.577392578125
}