{
  "n_params": 52033,
  "best_val_loss": 1492594005.133138,
  "test_mse": 4178459581.576178,
  "test_mae": 52125.4296875,
  "test_rmse": 64641.0078125,
  "test_mape": 525843552.0,
  "test_smape": 194.70474243164062
}